<?xml version="1.0" encoding="UTF-8"?>
<mei ixml:state="ambiguous"
     xmlns:ixml="http://invisiblexml.org/NS">
   <music>
      <title>I Can't Quit You Baby</title>
      <album>Led Zeppelin</album>
      <artist>Led Zeppelin</artist>
      <key>A</key>
      <section type="Verse 1">
         <chordLine>
            <chord num="1">A</chord>
         </chordLine>
         <lyrics>Oh , I can't quit you , baby</lyrics>
         <chordLine>
            <chord num="4">D</chord>
            <chord num="1">A</chord>
         </chordLine>
         <lyrics>So I'm gonna put you down for awhile</lyrics>
         <chordLine>
            <chord num="4">D</chord>
         </chordLine>
         <lyrics>I said I can't quit you, baby</lyrics>
         <chordLine>
            <chord num="1">A</chord>
         </chordLine>
         <lyrics>I guess I'm gotta put you down for awhile</lyrics>
         <chordLine>
            <chord num="5">E</chord>
         </chordLine>
         <lyrics>Said you messed up my happy horme</lyrics>
         <chordLine>
            <chord num="4">D</chord>
            <chord num="1">A</chord>
         </chordLine>
         <lyrics>Made me mistreat my only child</lyrics>
      </section>
      <section type="Bridge">
         <chordLine>
            <chord num="b2">A#</chord>
         </chordLine>
         <lyrics>Yes sir you did!</lyrics>
         <chordLine>
            <chord num="1">A</chord>
            <chord num="b2">A#</chord>
         </chordLine>
         <lyrics/>
      </section>
      <section type="Verse 2">
         <chordLine>
            <chord num="1">A</chord>
         </chordLine>
         <lyrics>Said you know I love you, baby</lyrics>
         <chordLine>
            <chord num="4">D</chord>
            <chord num="1">A</chord>
         </chordLine>
         <lyrics>My love for you I could never hide</lyrics>
         <chordLine>
            <chord num="4">D</chord>
         </chordLine>
         <lyrics>Oh, you know I love you, baby</lyrics>
         <chordLine>
            <chord num="1">A</chord>
         </chordLine>
         <lyrics>My love for you I could never hide</lyrics>
         <chordLine>
            <chord num="5">E</chord>
         </chordLine>
         <lyrics>Oh, when I feel you near me, little girl</lyrics>
         <chordLine>
            <chord num="4">D</chord>
            <chord num="1">A</chord>
         </chordLine>
         <lyrics>I know you are my one desire</lyrics>
      </section>
      <section type="Bridge">
         <chordLine>
            <chord num="b2">A#</chord>
            <chord num="1">A</chord>
            <chord num="b2">A#</chord>
         </chordLine>
         <lyrics/>
      </section>
      <section type="Solo">
         <chordLine>
            <chord num="1">A</chord>
            <chord num="4">D</chord>
            <chord num="1">A</chord>
            <chord num="4">D</chord>
            <chord num="1">A</chord>
            <chord num="5">E</chord>
            <chord num="4">D</chord>
            <chord num="1">A</chord>
            <chord num="b2">A#</chord>
            <chord num="1">A</chord>
            <chord num="b2">A#</chord>
            <chord num="1">A</chord>
            <chord num="4">D</chord>
            <chord num="1">A</chord>
            <chord num="5">E</chord>
            <chord num="4">D</chord>
            <chord num="1">A</chord>
            <chord num="b2">A#</chord>
            <chord num="1">A</chord>
            <chord num="b2">A#</chord>
         </chordLine>
         <lyrics/>
      </section>
      <section type="Verse 3">
         <chordLine>
            <chord num="1">A</chord>
         </chordLine>
         <lyrics>When you hear me moaning and groaning, baby</lyrics>
         <chordLine>
            <chord num="4">D</chord>
            <chord num="1">A</chord>
         </chordLine>
         <lyrics>You know it hurts me deep down inside</lyrics>
         <chordLine>
            <chord num="4">D</chord>
         </chordLine>
         <lyrics>Oh , when you hear me moaning and groaning, baby</lyrics>
         <chordLine>
            <chord num="1">A</chord>
         </chordLine>
         <lyrics>You know it hurts me deep down inside</lyrics>
         <chordLine>
            <chord num="5">E</chord>
         </chordLine>
         <lyrics>Oh oh, when you hear me holler, baby</lyrics>
         <chordLine>
            <chord num="4">D</chord>
            <chord num="1">A</chord>
         </chordLine>
         <lyrics>You know you're my one desire</lyrics>
      </section>
      <section type="Outro">
         <chordLine>
            <chord num="b2">A#</chord>
         </chordLine>
         <lyrics>Yes, you are</lyrics>
         <chordLine>
            <chord num="1">A</chord>
            <chord num="b2">A#</chord>
            <chord num="1">A</chord>
            <chord num="b2">A#</chord>
         </chordLine>
         <lyrics>Oh .</lyrics>
      </section>
   </music>
</mei>