<?xml version="1.0" encoding="UTF-8"?>
<mei ixml:state="ambiguous"
     xmlns:ixml="http://invisiblexml.org/NS">
   <music>
      <title>Dazed and Confused</title>
      <album>Led Zeppelin</album>
      <artist>Led Zeppelin</artist>
      <key>G</key>
      <section type="Intro">
         <chordLine>
            <chord num="3^5">B5</chord>
            <chord num="1^5">G5</chord>
            <chord num="7^5">F#5</chord>
            <chord num="b7^5">F5</chord>
            <chord num="6^5">E5</chord>
            <chord num="5^5">D5</chord>
            <chord num="b5^5">C#5</chord>
            <chord num="4^5">C5</chord>
            <chord num="3^5">B5</chord>
            <chord num="1^5">G5</chord>
            <chord num="7^5">F#5</chord>
            <chord num="b7^5">F5</chord>
            <chord num="6^5">E5</chord>
            <chord num="5^5">D5</chord>
            <chord num="b5^5">C#5</chord>
         </chordLine>
         <lyrics/>
      </section>
      <section type="Verse 1">
         <chordLine>
            <chord num="4^5">C5</chord>
            <chord num="3^5">B5</chord>
            <chord num="1^5">G5</chord>
            <chord num="7^5">F#5</chord>
            <chord num="b7^5">F5</chord>
         </chordLine>
         <lyrics>Been dazed and confused for so long it's not true.</lyrics>
         <chordLine>
            <chord num="6^5">E5</chord>
            <chord num="5^5">D5</chord>
            <chord num="b5^5">C#5</chord>
            <chord num="4^5">C5</chord>
            <chord num="3^5">B5</chord>
         </chordLine>
         <lyrics>Wanted a woman, never bargained for you.</lyrics>
         <chordLine>
            <chord num="1^5">G5</chord>
            <chord num="7^5">F#5</chord>
            <chord num="b7^5">F5</chord>
            <chord num="6^5">E5</chord>
         </chordLine>
         <lyrics>Lots of people talking, few of them know.</lyrics>
         <chordLine>
            <chord num="5^5">D5</chord>
            <chord num="b5^5">C#5</chord>
            <chord num="4^5">C5</chord>
            <chord num="3^5">B5</chord>
         </chordLine>
         <lyrics>Soul of a woman was created below.</lyrics>
      </section>
      <section type="Interlude">
         <chordLine>
            <chord num="1^5">G5</chord>
            <chord num="7^5">F#5</chord>
            <chord num="b7^5">F5</chord>
            <chord num="6^5">E5</chord>
            <chord num="5^5">D5</chord>
            <chord num="b5^5">C#5</chord>
            <chord num="4^5">C5</chord>
            <chord num="3^5">B5</chord>
            <chord num="1^5">G5</chord>
            <chord num="7^5">F#5</chord>
            <chord num="b7^5">F5</chord>
            <chord num="6^5">E5</chord>
            <chord num="5^5">D5</chord>
            <chord num="b5^5">C#5</chord>
         </chordLine>
         <lyrics/>
      </section>
      <section type="Verse 2">
         <chordLine>
            <chord num="4^5">C5</chord>
            <chord num="3^5">B5</chord>
            <chord num="1^5">G5</chord>
            <chord num="7^5">F#5</chord>
            <chord num="b7^5">F5</chord>
            <chord num="6^5">E5</chord>
         </chordLine>
         <lyrics>You hurt and abused, tellin' all of your lies.</lyrics>
         <chordLine>
            <chord num="5^5">D5</chord>
            <chord num="b5^5">C#5</chord>
            <chord num="4^5">C5</chord>
            <chord num="3^5">B5</chord>
         </chordLine>
         <lyrics>Run around sweet baby, lord how they hypnotize.</lyrics>
         <chordLine>
            <chord num="1^5">G5</chord>
            <chord num="7^5">F#5</chord>
            <chord num="b7^5">F5</chord>
            <chord num="6^5">E5</chord>
         </chordLine>
         <lyrics>Sweet little baby, I don't know where you've been.</lyrics>
         <chordLine>
            <chord num="5^5">D5</chord>
            <chord num="b5^5">C#5</chord>
            <chord num="4^5">C5</chord>
            <chord num="3^5">B5</chord>
         </chordLine>
         <lyrics>Gonna love you baby, here I come again.</lyrics>
      </section>
      <section type="Interlude">
         <chordLine>
            <chord num="3^5">B5</chord>
            <chord num="3^5">B5</chord>
            <chord num="3^5">B5</chord>
            <chord num="3^5">B5</chord>
            <chord num="1^5">G5</chord>
            <chord num="7^5">F#5</chord>
            <chord num="b7^5">F5</chord>
            <chord num="6^5">E5</chord>
            <chord num="5^5">D5</chord>
            <chord num="b5^5">C#5</chord>
            <chord num="4^5">C5</chord>
            <chord num="3^5">B5</chord>
            <chord num="1^5">G5</chord>
            <chord num="7^5">F#5</chord>
            <chord num="b7^5">F5</chord>
            <chord num="6^5">E5</chord>
            <chord num="5^5">D5</chord>
            <chord num="b5^5">C#5</chord>
         </chordLine>
         <lyrics/>
      </section>
      <section type="Verse 3">
         <chordLine>
            <chord num="4^5">C5</chord>
            <chord num="3^5">B5</chord>
            <chord num="1^5">G5</chord>
            <chord num="7^5">F#5</chord>
            <chord num="b7^5">F5</chord>
         </chordLine>
         <lyrics>Every day I work so hard, bringin' home my hard earned pay.</lyrics>
         <chordLine>
            <chord num="6^5">E5</chord>
            <chord num="5^5">D5</chord>
            <chord num="b5^5">C#5</chord>
            <chord num="4^5">C5</chord>
         </chordLine>
         <lyrics>Struggle over you baby, but you push me away.</lyrics>
         <chordLine>
            <chord num="3^5">B5</chord>
            <chord num="1^5">G5</chord>
            <chord num="7^5">F#5</chord>
            <chord num="b7^5">F5</chord>
         </chordLine>
         <lyrics>Don't know where you're goin', only know just where you've been.</lyrics>
         <chordLine>
            <chord num="6^5">E5</chord>
            <chord num="5^5">D5</chord>
            <chord num="b5^5">C#5</chord>
            <chord num="4^5">C5</chord>
            <chord num="3^5">B5</chord>
         </chordLine>
         <lyrics>Sweet little baby, I want you again.</lyrics>
      </section>
      <section type="Interlude">
         <chordLine>
            <chord num="3^5">B5</chord>
            <chord num="6^5">E5</chord>
            <chord num="5^5">D5</chord>
            <chord num="6^5">E5</chord>
            <chord num="3^5">B5</chord>
            <chord num="6^5">E5</chord>
            <chord num="3^5">B5</chord>
            <chord num="6^5">E5</chord>
            <chord num="b7^5">F5</chord>
            <chord num="6^5">E5</chord>
            <chord num="2^5">A5</chord>
         </chordLine>
         <lyrics/>
      </section>
      <section type="Solo">
         <chordLine>
            <chord num="2^5">A5</chord>
         </chordLine>
         <lyrics/>
      </section>
      <section type="Interlude">
         <chordLine>
            <chord num="3^5">B5</chord>
            <chord num="3^5">B5</chord>
            <chord num="1^5">G5</chord>
            <chord num="7^5">F#5</chord>
            <chord num="b7^5">F5</chord>
            <chord num="6^5">E5</chord>
            <chord num="5^5">D5</chord>
            <chord num="b5^5">C#5</chord>
            <chord num="4^5">C5</chord>
            <chord num="3^5">B5</chord>
            <chord num="1^5">G5</chord>
            <chord num="7^5">F#5</chord>
            <chord num="b7^5">F5</chord>
            <chord num="6^5">E5</chord>
            <chord num="5^5">D5</chord>
            <chord num="b5^5">C#5</chord>
         </chordLine>
         <lyrics/>
      </section>
      <section type="Verse 4">
         <chordLine>
            <chord num="4^5">C5</chord>
            <chord num="3^5">B5</chord>
            <chord num="1^5">G5</chord>
            <chord num="7^5">F#5</chord>
            <chord num="b7^5">F5</chord>
         </chordLine>
         <lyrics>Been dazed and confused for so long it's not true.</lyrics>
         <chordLine>
            <chord num="6^5">E5</chord>
            <chord num="5^5">D5</chord>
            <chord num="b5^5">C#5</chord>
            <chord num="4^5">C5</chord>
            <chord num="3^5">B5</chord>
         </chordLine>
         <lyrics>Wanted a woman, never bargained for you.</lyrics>
         <chordLine>
            <chord num="1^5">G5</chord>
            <chord num="7^5">F#5</chord>
            <chord num="b7^5">F5</chord>
            <chord num="6^5">E5</chord>
         </chordLine>
         <lyrics>Take it easy baby, let them say what they will.</lyrics>
         <chordLine>
            <chord num="5^5">D5</chord>
            <chord num="b5^5">C#5</chord>
            <chord num="4^5">C5</chord>
            <chord num="3^5">B5</chord>
         </chordLine>
         <lyrics>Tongue wag so much when I send you the bill?</lyrics>
      </section>
      <section type="Outro">
         <chordLine>
            <chord num="5^5">D5</chord>
            <chord num="2^5">A5</chord>
            <chord num="3^5">B5</chord>
            <chord num="5^5">D5</chord>
         </chordLine>
      </section>
   </music>
</mei>