<?xml version="1.0" encoding="UTF-8"?>
<mei ixml:state="ambiguous"
     xmlns:ixml="http://invisiblexml.org/NS">
   <music>
      <title>Good Times Bad Times</title>
      <album>Led Zeppelin</album>
      <artist>Led Zeppelin</artist>
      <key>E</key>
      <section type="Intro">
         <chordLine>
            <chord num="1">E</chord>
         </chordLine>
         <lyrics/>
      </section>
      <section type="Verse 1">
         <chordLine>
            <chord num="1">E</chord>
            <chord num="b7">D</chord>
            <chord num="4/6">A/C#</chord>
         </chordLine>
         <lyrics>In the days of my youth, I was told What it means</lyrics>
         <chordLine>
            <chord num="1">E</chord>
         </chordLine>
         <lyrics>to be a man.</lyrics>
         <chordLine>
            <chord num="b7">D</chord>
            <chord num="4/6">A/C#</chord>
            <chord num="1">E</chord>
            <chord num="b7">D</chord>
         </chordLine>
         <lyrics>And now I've reached that age I've tried to do</lyrics>
         <chordLine>
            <chord num="4/6">A/C#</chord>
            <chord num="1">E</chord>
         </chordLine>
         <lyrics>All those things the best I can</lyrics>
         <chordLine>
            <chord num="b7">D</chord>
            <chord num="4/6">A/C#</chord>
            <chord num="1">E</chord>
            <chord num="b7">D</chord>
            <chord num="4/6">A/C#</chord>
            <chord num="1">E</chord>
            <chord num="b7">D</chord>
            <chord num="4/6">A/C#</chord>
         </chordLine>
         <lyrics>No matter how I try I find my way into the same old jam.</lyrics>
      </section>
      <section type="Chorus">
         <chordLine>
            <chord num="4">A</chord>
            <chord num="b7">D</chord>
            <chord num="4">A</chord>
            <chord num="b3">G</chord>
            <chord num="b7">D</chord>
         </chordLine>
         <lyrics>Good times, bad times, you know I've had my share.</lyrics>
         <chordLine>
            <chord num="5">B</chord>
            <chord num="1">E</chord>
         </chordLine>
         <lyrics>Well, my woman left home for a brown eyed man,</lyrics>
         <chordLine>
            <chord num="5">B</chord>
         </chordLine>
         <lyrics>But I still don't seem to care.</lyrics>
      </section>
      <section type="Verse 2">
         <chordLine>
            <chord num="2m">F#m</chord>
         </chordLine>
         <lyrics>Sixteen I fell in love with a girl as sweet as could be. It only took a couple of days 'till she was rid of me She swore that she would be all mine and love me 'till the end, But when I whispered in her ear I lost another friend. Oh!</lyrics>
      </section>
      <section type="Chorus">
         <chordLine>
            <chord num="5">B</chord>
            <chord num="4">A</chord>
            <chord num="1">E</chord>
            <chord num="5">B</chord>
            <chord num="4">A</chord>
            <chord num="1">E</chord>
         </chordLine>
         <lyrics>Good times, bad times, you know I've had my share.</lyrics>
         <chordLine>
            <chord num="6">C#</chord>
            <chord num="5">B</chord>
         </chordLine>
         <lyrics>Well, my woman left home for a brown eyed man,</lyrics>
         <chordLine>
            <chord num="6">C#</chord>
         </chordLine>
         <lyrics>But I still don't seem to care.</lyrics>
      </section>
      <section type="Solo">
         <chordLine>
            <chord num="1">E</chord>
            <chord num="b7">D</chord>
            <chord num="4">A</chord>
            <chord num="1">E</chord>
            <chord num="b7">D</chord>
            <chord num="4">A</chord>
            <chord num="1">E</chord>
            <chord num="b7">D</chord>
            <chord num="4">A</chord>
            <chord num="1">E</chord>
            <chord num="b7">D</chord>
            <chord num="4">A</chord>
            <chord num="1">E</chord>
            <chord num="b7">D</chord>
            <chord num="4">A</chord>
            <chord num="1">E</chord>
            <chord num="b7">D</chord>
            <chord num="4">A</chord>
            <chord num="1">E</chord>
            <chord num="b7">D</chord>
            <chord num="4">A</chord>
            <chord num="1">E</chord>
            <chord num="b7">D</chord>
            <chord num="4">A</chord>
         </chordLine>
         <lyrics/>
      </section>
      <section type="Chorus">
         <chordLine>
            <chord num="4">A</chord>
            <chord num="b3">G</chord>
            <chord num="b7">D</chord>
            <chord num="4">A</chord>
            <chord num="b3">G</chord>
            <chord num="b7">D</chord>
         </chordLine>
         <lyrics>Good times, bad times, you know I've had my share.</lyrics>
         <chordLine>
            <chord num="5">B</chord>
            <chord num="4">A</chord>
            <chord num="1">E</chord>
            <chord num="5">B</chord>
         </chordLine>
         <lyrics>Well, my woman left home for a browneyed man, but I still don't seem to care.</lyrics>
      </section>
      <section type="Verse 3">
         <chordLine>
            <chord num="1">E</chord>
            <chord num="b7">D</chord>
            <chord num="4/6">A/C#</chord>
            <chord num="1">E</chord>
            <chord num="b7">D</chord>
            <chord num="4/6">A/C#</chord>
         </chordLine>
         <lyrics>I know what it means to be alone,</lyrics>
         <chordLine>
            <chord num="1">E</chord>
            <chord num="b7">D</chord>
            <chord num="4/6">A/C#</chord>
         </chordLine>
         <lyrics>I sure do wish I was at home.</lyrics>
         <chordLine>
            <chord num="1">E</chord>
            <chord num="b7">D</chord>
            <chord num="4/6">A/C#</chord>
         </chordLine>
         <lyrics>I don't care what the neighbors say,</lyrics>
         <chordLine>
            <chord num="1">E</chord>
            <chord num="b7">D</chord>
            <chord num="4/6">A/C#</chord>
         </chordLine>
         <lyrics>I'm gonna love you each and ev'ry day.</lyrics>
      </section>
      <section type="Outro">
         <chordLine>
            <chord num="1">E</chord>
            <chord num="b7">D</chord>
            <chord num="4/6">A/C#</chord>
            <chord num="1">E</chord>
         </chordLine>
         <lyrics>You can feel the beat within my heart.</lyrics>
         <chordLine>
            <chord num="b7">D</chord>
            <chord num="4/6">A/C#</chord>
            <chord num="1">E</chord>
            <chord num="b7">D</chord>
            <chord num="4/6">A/C#</chord>
            <chord num="1">E</chord>
         </chordLine>
         <lyrics>Realize sweet babe we ain't never gonna part.</lyrics>
      </section>
   </music>
</mei>