<?xml version="1.0" encoding="UTF-8"?>
<mei ixml:state="ambiguous"
     xmlns:ixml="http://invisiblexml.org/NS">
   <music>
      <title>Babe I'm Gonna Leave You</title>
      <album>Led Zeppelin</album>
      <artist>Led Zeppelin</artist>
      <key>C</key>
      <section type="Intro">
         <chordLine>
            <chord num="6m">Am</chord>
            <chord num="5">G</chord>
            <chord num="2/b5">D/F#</chord>
            <chord num="4">F</chord>
            <chord num="3">E</chord>
            <chord num="6m">Am</chord>
            <chord num="5">G</chord>
            <chord num="2/b5">D/F#</chord>
            <chord num="4">F</chord>
            <chord num="3">E</chord>
         </chordLine>
         <lyrics/>
      </section>
      <section type="Verse 1">
         <chordLine>
            <chord num="6m">Am</chord>
            <chord num="5">G</chord>
            <chord num="2/b5">D/F#</chord>
            <chord num="4">F</chord>
            <chord num="3">E</chord>
            <chord num="6m">Am</chord>
         </chordLine>
         <lyrics>Babe, baby, baby, I'm gonna leave you.</lyrics>
         <chordLine>
            <chord num="5">G</chord>
            <chord num="2/b5">D/F#</chord>
            <chord num="4">F</chord>
            <chord num="3">E</chord>
            <chord num="6m">Am</chord>
            <chord num="5">G</chord>
            <chord num="2/b5">D/F#</chord>
            <chord num="4">F</chord>
            <chord num="3">E</chord>
            <chord num="6m">Am</chord>
            <chord num="5">G</chord>
            <chord num="2/b5">D/F#</chord>
            <chord num="4">F</chord>
            <chord num="3">E</chord>
            <chord num="4">F</chord>
         </chordLine>
         <lyrics>I said baby, you know I'm gonna leave you.</lyrics>
         <chordLine>
            <chord num="3">E</chord>
         </chordLine>
         <lyrics>I'll leave you when the summertime,</lyrics>
         <chordLine>
            <chord num="4">F</chord>
            <chord num="3">E</chord>
            <chord num="6m">Am</chord>
            <chord num="5">G</chord>
         </chordLine>
         <lyrics>Leave you when the summer comes arollin',</lyrics>
         <chordLine>
            <chord num="4">F</chord>
            <chord num="3">E</chord>
            <chord num="6m">Am</chord>
            <chord num="3m/6">Em/A</chord>
            <chord num="2m/6">Dm/A</chord>
         </chordLine>
         <lyrics>Leave you when the summer comes along.</lyrics>
      </section>
      <section type="Interlude">
         <chordLine>
            <chord num="6m">Am</chord>
            <chord num="3m/6">Em/A</chord>
            <chord num="2m/6">Dm/A</chord>
            <chord num="6m">Am</chord>
            <chord num="3m/6">Em/A</chord>
            <chord num="2m/6">Dm/A</chord>
            <chord num="6m">Am</chord>
            <chord num="3m/6">Em/A</chord>
            <chord num="2m/6">Dm/A</chord>
         </chordLine>
         <lyrics/>
      </section>
      <section type="Verse 2">
         <chordLine>
            <chord num="6m">Am</chord>
            <chord num="5">G</chord>
            <chord num="2/b5">D/F#</chord>
            <chord num="4">F</chord>
            <chord num="3">E</chord>
         </chordLine>
         <lyrics>Babe, babe, babe, babe, babe, babe, hmm baby</lyrics>
         <chordLine>
            <chord num="6m">Am</chord>
         </chordLine>
         <lyrics>I don't wanna leave you,</lyrics>
         <chordLine>
            <chord num="5">G</chord>
            <chord num="2/b5">D/F#</chord>
            <chord num="4">F</chord>
            <chord num="3">E</chord>
            <chord num="6m">Am</chord>
         </chordLine>
         <lyrics>I ain't jokin' woman, I've got to ramble.</lyrics>
         <chordLine>
            <chord num="5">G</chord>
            <chord num="2/b5">D/F#</chord>
            <chord num="4">F</chord>
            <chord num="3">E</chord>
            <chord num="6m">Am</chord>
            <chord num="5">G</chord>
            <chord num="2/b5">D/F#</chord>
         </chordLine>
         <lyrics>Oh, yeah, baby, baby, I'll be leavin',</lyrics>
         <chordLine>
            <chord num="4">F</chord>
            <chord num="3">E</chord>
            <chord num="4">F</chord>
         </chordLine>
         <lyrics>Really got to ramble.</lyrics>
         <chordLine>
            <chord num="3">E</chord>
            <chord num="4">F</chord>
            <chord num="3">E</chord>
            <chord num="6m">Am</chord>
         </chordLine>
         <lyrics>I can hear it callin' me the way it used to do,</lyrics>
         <chordLine>
            <chord num="5">G</chord>
            <chord num="2/b5">D/F#</chord>
            <chord num="4">F</chord>
            <chord num="3">E</chord>
            <chord num="6m">Am</chord>
            <chord num="3m/6">Em/A</chord>
            <chord num="2m/6">Dm/A</chord>
            <chord num="6m">Am</chord>
            <chord num="3m/6">Em/A</chord>
            <chord num="2m/6">Dm/A</chord>
            <chord num="6m">Am</chord>
            <chord num="3m/6">Em/A</chord>
            <chord num="2m/6">Dm/A</chord>
            <chord num="6m">Am</chord>
            <chord num="3m/6">Em/A</chord>
            <chord num="2m/6">Dm/A</chord>
         </chordLine>
         <lyrics>I can hear it callin' me back home!</lyrics>
      </section>
      <section type="Pre-Chorus">
         <chordLine>
            <chord num="6madd9">Amadd9</chord>
            <chord num="3madd11/6">Emadd11/A</chord>
            <chord num="6^7sus4">A7sus4</chord>
            <chord num="2m/6">Dm/A</chord>
            <chord num="6madd9">Amadd9</chord>
            <chord num="3madd11/6">Emadd11/A</chord>
            <chord num="6^7sus4">A7sus4</chord>
            <chord num="2m/6">Dm/A</chord>
            <chord num="6madd9">Amadd9</chord>
            <chord num="3madd11/6">Emadd11/A</chord>
            <chord num="6^7sus4">A7sus4</chord>
            <chord num="2m/6">Dm/A</chord>
            <chord num="6madd9">Amadd9</chord>
            <chord num="3madd11/6">Emadd11/A</chord>
            <chord num="6^7sus4">A7sus4</chord>
            <chord num="2m/6">Dm/A</chord>
         </chordLine>
         <lyrics/>
      </section>
      <section type="Chorus">
         <chordLine>
            <chord num="6m">Am</chord>
            <chord num="5">G</chord>
            <chord num="2/b5">D/F#</chord>
            <chord num="4">F</chord>
            <chord num="3">E</chord>
            <chord num="6m">Am</chord>
         </chordLine>
         <lyrics>Babe I'm gonna leave you</lyrics>
         <chordLine>
            <chord num="5">G</chord>
            <chord num="2/b5">D/F#</chord>
            <chord num="4">F</chord>
            <chord num="3">E</chord>
            <chord num="6m">Am</chord>
            <chord num="5">G</chord>
            <chord num="2/b5">D/F#</chord>
            <chord num="4">F</chord>
            <chord num="3">E</chord>
            <chord num="6m">Am</chord>
         </chordLine>
         <lyrics>B_aby, you know, I've really got to leave you</lyrics>
         <chordLine>
            <chord num="5">G</chord>
            <chord num="2/b5">D/F#</chord>
            <chord num="4">F</chord>
            <chord num="3">E</chord>
            <chord num="4">F</chord>
            <chord num="3">E</chord>
         </chordLine>
         <lyrics>I can hear it callin' me</lyrics>
         <chordLine>
            <chord num="4">F</chord>
            <chord num="3">E</chord>
            <chord num="6m">Am</chord>
            <chord num="3m/6">Em/A</chord>
            <chord num="2m/6">Dm/A</chord>
         </chordLine>
         <lyrics>I said, don't you hear it callin' me the way it used to do?</lyrics>
      </section>
      <section type="Interlude">
         <chordLine>
            <chord num="6m">Am</chord>
            <chord num="3m/6">Em/A</chord>
            <chord num="2m/6">Dm/A</chord>
         </chordLine>
         <lyrics>Oh!</lyrics>
         <chordLine>
            <chord num="6m">Am</chord>
            <chord num="3m/6">Em/A</chord>
            <chord num="2m/6">Dm/A</chord>
            <chord num="6m">Am</chord>
            <chord num="3m/6">Em/A</chord>
            <chord num="2m/6">Dm/A</chord>
         </chordLine>
         <lyrics/>
      </section>
      <section type="Bridge">
         <chordLine>
            <chord num="6m">Am</chord>
            <chord num="5^6">G6</chord>
            <chord num="6m7/5">Am7/G</chord>
            <chord num="2/b5">D/F#</chord>
            <chord num="4">F</chord>
            <chord num="3">E</chord>
            <chord num="6m7">Am7</chord>
            <chord num="6m">Am</chord>
            <chord num="5^6">G6</chord>
            <chord num="6m7/5">Am7/G</chord>
            <chord num="2/b5">D/F#</chord>
            <chord num="4">F</chord>
            <chord num="3">E</chord>
            <chord num="6m7">Am7</chord>
            <chord num="4maj7/6">Fmaj7/A</chord>
            <chord num="5^7">G7</chord>
            <chord num="5^6">G6</chord>
            <chord num="b5^7sus4">F#7sus4</chord>
            <chord num="2">Dmaj7/F#</chord>
            <chord num="4maj7">Fmaj7</chord>
            <chord num="3">E</chord>
         </chordLine>
         <lyrics>I know, I know, I'll never, never, never, never, never, never, never,</lyrics>
         <chordLine>
            <chord num="6m">Am</chord>
         </chordLine>
         <lyrics>Gonna leave you babe</lyrics>
         <chordLine>
            <chord num="6m7/5">Am7/G</chord>
            <chord num="4">F</chord>
            <chord num="3">E</chord>
         </chordLine>
         <lyrics>But, I got to go away from this place,</lyrics>
         <chordLine>
            <chord num="6m7">Am7</chord>
            <chord num="4maj7/6">Fmaj7/A</chord>
            <chord num="5^6">G6</chord>
            <chord num="5^7">G7</chord>
            <chord num="b5^7sus4">F#7sus4</chord>
            <chord num="2">Dmaj7/F#</chord>
         </chordLine>
         <lyrics>I've got to quit you, yeah</lyrics>
         <chordLine>
            <chord num="4">F</chord>
            <chord num="3">E</chord>
            <chord num="6m">Am</chord>
            <chord num="6m7/5">Am7/G</chord>
            <chord num="4">F</chord>
            <chord num="3">E</chord>
            <chord num="6m">Am</chord>
            <chord num="5">G</chord>
            <chord num="2/b5">D/F#</chord>
         </chordLine>
         <lyrics>Oh!! Baby, baby, baby, baby, baby, baby, baby,</lyrics>
      </section>
      <section type="Chorus">
         <chordLine>
            <chord num="4">F</chord>
            <chord num="3">E</chord>
            <chord num="6m">Am</chord>
            <chord num="5">G</chord>
            <chord num="2/b5">D/F#</chord>
            <chord num="4">F</chord>
            <chord num="3">E</chord>
         </chordLine>
         <lyrics>Don't you hear it callin' me?</lyrics>
      </section>
      <section type="Pre-Chorus">
         <chordLine>
            <chord num="6m">Am</chord>
            <chord num="5^6">G6</chord>
            <chord num="6m7/5">Am7/G</chord>
            <chord num="4">F</chord>
            <chord num="3">E</chord>
            <chord num="6m7">Am7</chord>
            <chord num="4maj7/6">Fmaj7/A</chord>
            <chord num="5^7">G7</chord>
            <chord num="5^6">G6</chord>
            <chord num="b5^7sus4">F#7sus4</chord>
            <chord num="2">Dmaj7/F#</chord>
            <chord num="4">F</chord>
            <chord num="3">E</chord>
         </chordLine>
         <lyrics>Oh, woman, woman, I know, I know</lyrics>
         <chordLine>
            <chord num="6m7">Am7</chord>
            <chord num="4maj7/6">Fmaj7/A</chord>
            <chord num="5^7">G7</chord>
         </chordLine>
         <lyrics>It feels good to have you back again</lyrics>
         <chordLine>
            <chord num="5^6">G6</chord>
            <chord num="b5^7sus4">F#7sus4</chord>
            <chord num="2">Dmaj7/F#</chord>
            <chord num="4">F</chord>
            <chord num="3">E</chord>
            <chord num="6m7">Am7</chord>
            <chord num="4maj7/6">Fmaj7/A</chord>
         </chordLine>
         <lyrics>And I know that one day baby , it's gonna really grow, yes it is.</lyrics>
         <chordLine>
            <chord num="5^6">G6</chord>
            <chord num="5^7">G7</chord>
            <chord num="b5^7sus4">F#7sus4</chord>
            <chord num="2">Dmaj7/F#</chord>
            <chord num="4">F</chord>
            <chord num="3">E</chord>
            <chord num="6m">Am</chord>
         </chordLine>
         <lyrics>We gonna go walkin' through the park every day.</lyrics>
      </section>
      <section type="Chorus">
         <chordLine>
            <chord num="5">G</chord>
            <chord num="2/b5">D/F#</chord>
            <chord num="4">F</chord>
            <chord num="3">E</chord>
         </chordLine>
         <lyrics>Come what may, every day, oh</lyrics>
         <chordLine>
            <chord num="6m">Am</chord>
            <chord num="5">G</chord>
            <chord num="2/b5">D/F#</chord>
            <chord num="4">F</chord>
            <chord num="3">E</chord>
         </chordLine>
         <lyrics>My, mymymy, my babe</lyrics>
      </section>
      <section type="Pre-Chorus">
         <chordLine>
            <chord num="6m">Am</chord>
            <chord num="5^6">G6</chord>
            <chord num="6m7/5">Am7/G</chord>
            <chord num="2/b5">D/F#</chord>
            <chord num="4">F</chord>
            <chord num="3">E</chord>
            <chord num="6m7">Am7</chord>
            <chord num="4maj7/6">Fmaj7/A</chord>
            <chord num="5^7">G7</chord>
            <chord num="5^6">G6</chord>
            <chord num="b5^7sus4">F#7sus4</chord>
            <chord num="2">Dmaj7/F#</chord>
            <chord num="4">F</chord>
            <chord num="3">E</chord>
         </chordLine>
         <lyrics>I'm gonna leave you woman.</lyrics>
         <chordLine>
            <chord num="6m7">Am7</chord>
            <chord num="4maj7/6">Fmaj7/A</chord>
            <chord num="5^7">G7</chord>
            <chord num="5^6">G6</chord>
            <chord num="b5^7sus4">F#7sus4</chord>
            <chord num="2">Dmaj7/F#</chord>
            <chord num="4">F</chord>
         </chordLine>
         <lyrics>I'm gonna quit you baby</lyrics>
         <chordLine>
            <chord num="3">E</chord>
            <chord num="6m">Am</chord>
            <chord num="6m7/5">Am7/G</chord>
         </chordLine>
         <lyrics>It was really, really good.</lyrics>
         <chordLine>
            <chord num="4">F</chord>
            <chord num="3">E</chord>
            <chord num="6m">Am</chord>
            <chord num="5^6">G6</chord>
            <chord num="6m7/5">Am7/G</chord>
         </chordLine>
         <lyrics>You made me happy every single day.</lyrics>
      </section>
      <section type="Chorus">
         <chordLine>
            <chord num="4">F</chord>
            <chord num="3">E</chord>
            <chord num="6m">Am</chord>
            <chord num="5">G</chord>
            <chord num="2/b5">D/F#</chord>
            <chord num="4">F</chord>
            <chord num="3">E</chord>
            <chord num="6m">Am</chord>
            <chord num="5">G</chord>
            <chord num="2/b5">D/F#</chord>
            <chord num="4">F</chord>
            <chord num="3">E</chord>
            <chord num="6m">Am</chord>
            <chord num="5">G</chord>
            <chord num="2/b5">D/F#</chord>
            <chord num="4">F</chord>
            <chord num="3">E</chord>
            <chord num="4">F</chord>
         </chordLine>
         <lyrics>But now. I've got to go away!</lyrics>
         <chordLine>
            <chord num="3">E</chord>
            <chord num="4">F</chord>
            <chord num="3">E</chord>
         </chordLine>
         <lyrics>Baby, baby, ba</lyrics>
      </section>
      <section type="Outro">
         <chordLine>
            <chord num="4">F</chord>
         </chordLine>
         <lyrics>by,</lyrics>
         <chordLine>
            <chord num="3">E</chord>
            <chord num="4">F</chord>
         </chordLine>
         <lyrics>That's when it's callin' me</lyrics>
         <chordLine>
            <chord num="3">E</chord>
            <chord num="6/b2">A/C#</chord>
            <chord num="6dim/1">Adim/C</chord>
            <chord num="7m7">Bm7</chord>
            <chord num="b7maj7">Bbmaj7</chord>
            <chord num="6m">Am</chord>
         </chordLine>
         <lyrics>I said that's when it's callin' me b_________ack home</lyrics>
      </section>
   </music>
</mei>