<?xml version="1.0" encoding="UTF-8"?>
<mei ixml:state="ambiguous"
     xmlns:ixml="http://invisiblexml.org/NS">
   <music>
      <title>You Shook Me</title>
      <album>Led Zeppelin</album>
      <artist>Led Zeppelin</artist>
      <key>E</key>
      <section type="Intro">
         <chordLine>
            <chord num="4">A</chord>
            <chord num="1">E</chord>
            <chord num="1">E</chord>
         </chordLine>
         <lyrics>You know you shook me</lyrics>
      </section>
      <section type="Verse 1">
         <lyrics>You shook me all night long.</lyrics>
         <chordLine>
            <chord num="4">A</chord>
         </chordLine>
         <lyrics>You know you shook me, baby</lyrics>
         <chordLine>
            <chord num="1">E</chord>
         </chordLine>
         <lyrics>You shook me all night long.</lyrics>
         <chordLine>
            <chord num="5">B</chord>
         </chordLine>
         <lyrics>You shook me so hard baby</lyrics>
         <chordLine>
            <chord num="4">A</chord>
            <chord num="1">E</chord>
         </chordLine>
         <lyrics>Baby, baby, please come home.</lyrics>
         <chordLine>
            <chord num="1">E</chord>
         </chordLine>
         <lyrics>I have a bird that whistles</lyrics>
      </section>
      <section type="Verse 2">
         <lyrics>And I have birds that sing.</lyrics>
         <chordLine>
            <chord num="4">A</chord>
         </chordLine>
         <lyrics>I have a bird that whistles</lyrics>
         <chordLine>
            <chord num="1">E</chord>
         </chordLine>
         <lyrics>And I have birds that sing.</lyrics>
         <chordLine>
            <chord num="5">B</chord>
            <chord num="4">A</chord>
         </chordLine>
         <lyrics>I have a baby, won't do nothing oh!</lyrics>
         <chordLine>
            <chord num="1">E</chord>
         </chordLine>
         <lyrics>Oh, oh, buy a diamond ring.</lyrics>
      </section>
      <section type="Organ Solo">
         <chordLine>
            <chord num="1">E</chord>
            <chord num="4">A</chord>
            <chord num="1">E</chord>
            <chord num="5">B</chord>
            <chord num="4">A</chord>
            <chord num="1">E</chord>
         </chordLine>
         <lyrics/>
      </section>
      <section type="Harmonica Solo">
         <chordLine>
            <chord num="1">E</chord>
            <chord num="4">A</chord>
            <chord num="1">E</chord>
            <chord num="5">B</chord>
            <chord num="4">A</chord>
            <chord num="1">E</chord>
         </chordLine>
         <lyrics/>
      </section>
      <section type="Guitar Solo">
         <chordLine>
            <chord num="1">E</chord>
            <chord num="4">A</chord>
            <chord num="1">E</chord>
            <chord num="5">B</chord>
            <chord num="4">A</chord>
            <chord num="1">E</chord>
         </chordLine>
         <lyrics/>
      </section>
      <section type="Verse 3">
         <chordLine>
            <chord num="1">E</chord>
         </chordLine>
         <lyrics>You know you shook me, baby You shook me all night long. I know you really, really, did baby.</lyrics>
         <chordLine>
            <chord num="4">A</chord>
         </chordLine>
         <lyrics>I said you shook me, baby.</lyrics>
         <chordLine>
            <chord num="1">E</chord>
         </chordLine>
         <lyrics>You shook me all night long.</lyrics>
         <chordLine>
            <chord num="5">B</chord>
         </chordLine>
         <lyrics>You shook me so hard, baby.</lyrics>
      </section>
      <section type="Outro">
         <chordLine>
            <chord num="4">A</chord>
            <chord num="1">E</chord>
         </chordLine>
         <lyrics>You shook me all night long</lyrics>
      </section>
   </music>
</mei>