<?xml version="1.0" encoding="UTF-8"?>
<mei ixml:state="ambiguous"
     xmlns:ixml="http://invisiblexml.org/NS">
   <music>
      <title>Communication Breakdown</title>
      <album>Led Zeppelin</album>
      <artist>Led Zeppelin</artist>
      <key>E</key>
      <section type="Intro">
         <chordLine>
            <chord num="1^5">E5</chord>
            <chord num="b7^5">D5</chord>
            <chord num="4^5">A5</chord>
            <chord num="b7^5">D5</chord>
            <chord num="1^5">E5</chord>
            <chord num="b7^5">D5</chord>
            <chord num="4^5">A5</chord>
            <chord num="b7^5">D5</chord>
            <chord num="1^5">E5</chord>
            <chord num="b7^5">D5</chord>
            <chord num="4^5">A5</chord>
            <chord num="b7^5">D5</chord>
            <chord num="1^5">E5</chord>
            <chord num="b7^5">D5</chord>
            <chord num="4^5">A5</chord>
            <chord num="b7^5">D5</chord>
         </chordLine>
         <lyrics/>
      </section>
      <section type="Verse 1">
         <chordLine>
            <chord num="1^5">E5</chord>
            <chord num="b7^5">D5</chord>
            <chord num="4^5">A5</chord>
            <chord num="b7^5">D5</chord>
            <chord num="1^5">E5</chord>
         </chordLine>
         <lyrics>Hey girl, stop what you're doin'.</lyrics>
         <chordLine>
            <chord num="b7^5">D5</chord>
            <chord num="4^5">A5</chord>
            <chord num="b7^5">D5</chord>
            <chord num="1^5">E5</chord>
            <chord num="b7^5">D5</chord>
            <chord num="4^5">A5</chord>
            <chord num="b7^5">D5</chord>
            <chord num="1^5">E5</chord>
         </chordLine>
         <lyrics>Hey, girl, you'll drive me to ruin.</lyrics>
         <chordLine>
            <chord num="b7^5">D5</chord>
            <chord num="4^5">A5</chord>
            <chord num="b7^5">D5</chord>
            <chord num="1^5">E5</chord>
            <chord num="b7^5">D5</chord>
            <chord num="4^5">A5</chord>
            <chord num="b7^5">D5</chord>
            <chord num="1^5">E5</chord>
         </chordLine>
         <lyrics>I don't know what it is that I like about you, but I like it a lot.</lyrics>
         <chordLine>
            <chord num="b7^5">D5</chord>
            <chord num="4^5">A5</chord>
            <chord num="b7^5">D5</chord>
            <chord num="1^5">E5</chord>
            <chord num="b7^5">D5</chord>
            <chord num="4^5">A5</chord>
            <chord num="b7^5">D5</chord>
            <chord num="1^5">E5</chord>
         </chordLine>
         <lyrics>Won't you let me hold you? Let me feel your lovin' charms.</lyrics>
         <chordLine>
            <chord num="b7^5">D5</chord>
            <chord num="4^5">A5</chord>
            <chord num="b7^5">D5</chord>
         </chordLine>
         <lyrics/>
      </section>
      <section type="Chorus">
         <chordLine>
            <chord num="4^5">A5</chord>
         </chordLine>
         <lyrics>Com munication breakdown,</lyrics>
         <chordLine>
            <chord num="5^5">B5</chord>
         </chordLine>
         <lyrics>It's always the same. Having a nervous breakdown, Drive me insane.</lyrics>
         <chordLine>
            <chord num="1^5">E5</chord>
            <chord num="b7^5">D5</chord>
            <chord num="4^5">A5</chord>
            <chord num="b7^5">D5</chord>
            <chord num="1^5">E5</chord>
            <chord num="b7^5">D5</chord>
            <chord num="4^5">A5</chord>
            <chord num="b7^5">D5</chord>
         </chordLine>
         <lyrics/>
      </section>
      <section type="Verse 2">
         <chordLine>
            <chord num="1^5">E5</chord>
            <chord num="b7^5">D5</chord>
            <chord num="4^5">A5</chord>
            <chord num="b7^5">D5</chord>
            <chord num="1^5">E5</chord>
         </chordLine>
         <lyrics>Hey girl, I got something I think you ought to know.</lyrics>
         <chordLine>
            <chord num="b7^5">D5</chord>
            <chord num="4^5">A5</chord>
            <chord num="b7^5">D5</chord>
            <chord num="1^5">E5</chord>
            <chord num="b7^5">D5</chord>
            <chord num="4^5">A5</chord>
            <chord num="b7^5">D5</chord>
            <chord num="1^5">E5</chord>
            <chord num="b7^5">D5</chord>
            <chord num="4^5">A5</chord>
            <chord num="b7^5">D5</chord>
         </chordLine>
         <lyrics>Hey babe, I wanna tell you that I love you so.</lyrics>
         <chordLine>
            <chord num="1^5">E5</chord>
            <chord num="b7^5">D5</chord>
            <chord num="4^5">A5</chord>
            <chord num="b7^5">D5</chord>
            <chord num="1^5">E5</chord>
         </chordLine>
         <lyrics>I wanna hold you in my arms, yeah.</lyrics>
         <chordLine>
            <chord num="b7^5">D5</chord>
            <chord num="4^5">A5</chord>
            <chord num="b7^5">D5</chord>
            <chord num="1^5">E5</chord>
            <chord num="b7^5">D5</chord>
            <chord num="4^5">A5</chord>
            <chord num="b7^5">D5</chord>
         </chordLine>
         <lyrics>I'm never gonna let you go,</lyrics>
         <chordLine>
            <chord num="1^5">E5</chord>
         </chordLine>
         <lyrics>'Cause I like your charms.</lyrics>
         <chordLine>
            <chord num="b7^5">D5</chord>
            <chord num="4^5">A5</chord>
            <chord num="b7^5">D5</chord>
         </chordLine>
         <lyrics/>
      </section>
      <section type="Chorus">
         <chordLine>
            <chord num="4^5">A5</chord>
         </chordLine>
         <lyrics>Com munication breakdown,</lyrics>
         <chordLine>
            <chord num="5^5">B5</chord>
         </chordLine>
         <lyrics>It's always the same. Having a nervous breakdown,</lyrics>
         <chordLine>
            <chord num="1^5">E5</chord>
         </chordLine>
         <lyrics>Drive me insane.</lyrics>
      </section>
      <section type="Guitar Solo">
         <chordLine>
            <chord num="1^5">E5</chord>
            <chord num="b7^5">D5</chord>
            <chord num="4^5">A5</chord>
            <chord num="b7^5">D5</chord>
            <chord num="1^5">E5</chord>
            <chord num="b7^5">D5</chord>
            <chord num="4^5">A5</chord>
            <chord num="b7^5">D5</chord>
            <chord num="1^5">E5</chord>
            <chord num="b7^5">D5</chord>
            <chord num="4^5">A5</chord>
            <chord num="b7^5">D5</chord>
            <chord num="1^5">E5</chord>
            <chord num="b7^5">D5</chord>
            <chord num="4^5">A5</chord>
            <chord num="b7^5">D5</chord>
            <chord num="1^5">E5</chord>
            <chord num="b7^5">D5</chord>
            <chord num="4^5">A5</chord>
            <chord num="b7^5">D5</chord>
            <chord num="1^5">E5</chord>
            <chord num="b7^5">D5</chord>
            <chord num="4^5">A5</chord>
            <chord num="b7^5">D5</chord>
            <chord num="1^5">E5</chord>
            <chord num="b7^5">D5</chord>
            <chord num="4^5">A5</chord>
            <chord num="b7^5">D5</chord>
         </chordLine>
         <lyrics/>
      </section>
      <section type="Chorus">
         <chordLine>
            <chord num="4^5">A5</chord>
         </chordLine>
         <lyrics>Com munication breakdown,</lyrics>
         <chordLine>
            <chord num="5^5">B5</chord>
         </chordLine>
         <lyrics>It's always the same. Having a nervous breakdown,</lyrics>
         <chordLine>
            <chord num="1^5">E5</chord>
            <chord num="b7^5">D5</chord>
            <chord num="4^5">A5</chord>
            <chord num="b7^5">D5</chord>
            <chord num="1^5">E5</chord>
            <chord num="b7^5">D5</chord>
            <chord num="4^5">A5</chord>
            <chord num="b7^5">D5</chord>
            <chord num="1^5">E5</chord>
         </chordLine>
         <lyrics>Drive me insane</lyrics>
         <chordLine>
            <chord num="b7^5">D5</chord>
            <chord num="4^5">A5</chord>
            <chord num="b7^5">D5</chord>
            <chord num="1^5">E5</chord>
         </chordLine>
         <lyrics>I want you to love me all night</lyrics>
         <chordLine>
            <chord num="b7^5">D5</chord>
            <chord num="4^5">A5</chord>
            <chord num="b7^5">D5</chord>
            <chord num="1^5">E5</chord>
            <chord num="b7^5">D5</chord>
            <chord num="4^5">A5</chord>
            <chord num="b7^5">D5</chord>
         </chordLine>
         <lyrics>I want you to love me all night</lyrics>
         <chordLine>
            <chord num="1^5">E5</chord>
            <chord num="b7^5">D5</chord>
            <chord num="4^5">A5</chord>
            <chord num="b7^5">D5</chord>
            <chord num="1^5">E5</chord>
         </chordLine>
         <lyrics>Whoa, ah, a whoa oh</lyrics>
         <chordLine>
            <chord num="b7^5">D5</chord>
            <chord num="4^5">A5</chord>
            <chord num="b7^5">D5</chord>
            <chord num="1^5">E5</chord>
         </chordLine>
         <lyrics>I want you to love me</lyrics>
         <chordLine>
            <chord num="b7^5">D5</chord>
            <chord num="4^5">A5</chord>
            <chord num="b7^5">D5</chord>
            <chord num="1^5">E5</chord>
         </chordLine>
         <lyrics>I want you to love</lyrics>
      </section>
      <section type="Fade Out">
         <chordLine>
            <chord num="b7^5">D5</chord>
            <chord num="4^5">A5</chord>
            <chord num="b7^5">D5</chord>
            <chord num="1^5">E5</chord>
            <chord num="b7^5">D5</chord>
            <chord num="4^5">A5</chord>
            <chord num="b7^5">D5</chord>
         </chordLine>
         <lyrics>I want you to love, yeah I want you</lyrics>
         <chordLine>
            <chord num="1^5">E5</chord>
            <chord num="b7^5">D5</chord>
            <chord num="4^5">A5</chord>
            <chord num="b7^5">D5</chord>
         </chordLine>
         <lyrics>to love, yeah I want you</lyrics>
         <chordLine>
            <chord num="1^5">E5</chord>
            <chord num="b7^5">D5</chord>
            <chord num="4^5">A5</chord>
            <chord num="b7^5">D5</chord>
         </chordLine>
         <lyrics>to love, yeah</lyrics>
      </section>
   </music>
</mei>