<?xml version="1.0" encoding="UTF-8"?>
<mei ixml:state="ambiguous"
     xmlns:ixml="http://invisiblexml.org/NS">
   <music>
      <title>Your Time Is Gonna Come</title>
      <album>Led Zeppelin</album>
      <artist>Led Zeppelin</artist>
      <key>D</key>
      <section type="Intro">
         <chordLine>
            <chord num="2sus4">Esus4</chord>
            <chord num="6m">Bm</chord>
            <chord num="5m">Am</chord>
         </chordLine>
         <lyrics/>
      </section>
      <section type="Pre-Verse">
         <chordLine>
            <chord num="1">D</chord>
            <chord num="1sus4">Dsus4</chord>
            <chord num="1sus2">Dsus2</chord>
            <chord num="1sus4">Dsus4</chord>
            <chord num="1sus2">Dsus2</chord>
            <chord num="1m/b7">Dm/C</chord>
            <chord num="1">D</chord>
            <chord num="1sus4">Dsus4</chord>
            <chord num="1sus2">Dsus2</chord>
            <chord num="1sus4">Dsus4</chord>
            <chord num="1sus2">Dsus2</chord>
            <chord num="1m/b7">Dm/C</chord>
            <chord num="1">D</chord>
            <chord num="1sus4">Dsus4</chord>
            <chord num="1sus2">Dsus2</chord>
            <chord num="1sus4">Dsus4</chord>
            <chord num="1sus2">Dsus2</chord>
            <chord num="1m/b7">Dm/C</chord>
            <chord num="1">D</chord>
            <chord num="1sus4">Dsus4</chord>
            <chord num="1sus2">Dsus2</chord>
            <chord num="1sus4">Dsus4</chord>
            <chord num="1sus2">Dsus2</chord>
            <chord num="1m/b7">Dm/C</chord>
         </chordLine>
         <lyrics/>
      </section>
      <section type="Verse 1">
         <chordLine>
            <chord num="1">D</chord>
            <chord num="1sus4">Dsus4</chord>
            <chord num="1sus2">Dsus2</chord>
            <chord num="1sus4">Dsus4</chord>
            <chord num="1sus2">Dsus2</chord>
            <chord num="1m/b7">Dm/C</chord>
            <chord num="1">D</chord>
            <chord num="1sus4">Dsus4</chord>
            <chord num="1sus2">Dsus2</chord>
         </chordLine>
         <lyrics>Lyin' cheatin' hurtin that's all you seem to do</lyrics>
         <chordLine>
            <chord num="1sus4">Dsus4</chord>
            <chord num="1sus2">Dsus2</chord>
            <chord num="1m/b7">Dm/C</chord>
            <chord num="1">D</chord>
            <chord num="1sus4">Dsus4</chord>
            <chord num="1sus2">Dsus2</chord>
         </chordLine>
         <lyrics>Messin' around with every guy in town</lyrics>
         <chordLine>
            <chord num="1sus4">Dsus4</chord>
            <chord num="1sus2">Dsus2</chord>
            <chord num="1m/b7">Dm/C</chord>
            <chord num="1">D</chord>
            <chord num="1sus4">Dsus4</chord>
            <chord num="1sus2">Dsus2</chord>
         </chordLine>
         <lyrics>Puttin' me down for thinkin' of someone new</lyrics>
      </section>
      <section type="Verse 2">
         <chordLine>
            <chord num="1sus4">Dsus4</chord>
            <chord num="1sus2">Dsus2</chord>
            <chord num="1m/b7">Dm/C</chord>
            <chord num="1">D</chord>
            <chord num="1sus4">Dsus4</chord>
            <chord num="1sus2">Dsus2</chord>
            <chord num="1sus4">Dsus4</chord>
            <chord num="1sus2">Dsus2</chord>
            <chord num="1m/b7">Dm/C</chord>
            <chord num="1">D</chord>
            <chord num="1sus4">Dsus4</chord>
         </chordLine>
         <lyrics>Always the same playin' your game Drive me insane trouble is gonna come to you</lyrics>
         <chordLine>
            <chord num="1sus2">Dsus2</chord>
            <chord num="1sus4">Dsus4</chord>
            <chord num="1sus2">Dsus2</chord>
            <chord num="1m/b7">Dm/C</chord>
            <chord num="1">D</chord>
            <chord num="1sus4">Dsus4</chord>
            <chord num="1sus2">Dsus2</chord>
         </chordLine>
         <lyrics>One of these days and it won't be long</lyrics>
         <chordLine>
            <chord num="1sus4">Dsus4</chord>
            <chord num="1sus2">Dsus2</chord>
            <chord num="1m/b7">Dm/C</chord>
            <chord num="1">D</chord>
            <chord num="7m7/1">C#m7/D</chord>
         </chordLine>
         <lyrics>You'll look for me but baby I'll be gone</lyrics>
         <chordLine>
            <chord num="b7/1">C/D</chord>
            <chord num="2m/1">Em/D</chord>
         </chordLine>
         <lyrics>This is all I gotta say to you woman</lyrics>
      </section>
      <section type="Chorus">
         <chordLine>
            <chord num="1">D</chord>
            <chord num="1sus4">Dsus4</chord>
            <chord num="1">D</chord>
            <chord num="1sus2">Dsus2</chord>
            <chord num="1">D</chord>
            <chord num="4">G</chord>
         </chordLine>
         <lyrics>Your time is gonna come</lyrics>
         <chordLine>
            <chord num="1">D</chord>
            <chord num="1sus4">Dsus4</chord>
            <chord num="1">D</chord>
            <chord num="1sus2">Dsus2</chord>
            <chord num="1">D</chord>
            <chord num="4">G</chord>
         </chordLine>
         <lyrics>Your time is gonna come</lyrics>
         <chordLine>
            <chord num="1">D</chord>
            <chord num="1sus4">Dsus4</chord>
            <chord num="1">D</chord>
            <chord num="1sus2">Dsus2</chord>
            <chord num="1">D</chord>
            <chord num="4">G</chord>
         </chordLine>
         <lyrics>Your time is gonna come</lyrics>
         <chordLine>
            <chord num="1">D</chord>
            <chord num="1sus4">Dsus4</chord>
            <chord num="1">D</chord>
            <chord num="1sus2">Dsus2</chord>
            <chord num="1">D</chord>
            <chord num="4">G</chord>
         </chordLine>
         <lyrics>Your time is gonna come</lyrics>
         <chordLine>
            <chord num="1">D</chord>
            <chord num="1sus4">Dsus4</chord>
            <chord num="1">D</chord>
            <chord num="1sus2">Dsus2</chord>
            <chord num="1">D</chord>
            <chord num="4">G</chord>
         </chordLine>
         <lyrics/>
      </section>
      <section type="Verse 3">
         <chordLine>
            <chord num="1">D</chord>
            <chord num="1sus4">Dsus4</chord>
            <chord num="1sus2">Dsus2</chord>
         </chordLine>
         <lyrics>Made up my mind to break you this time</lyrics>
         <chordLine>
            <chord num="1sus4">Dsus4</chord>
            <chord num="1sus2">Dsus2</chord>
            <chord num="1m/b7">Dm/C</chord>
            <chord num="1">D</chord>
            <chord num="1sus4">Dsus4</chord>
            <chord num="1sus2">Dsus2</chord>
         </chordLine>
         <lyrics>Won't be so fine, it's my turn to cry</lyrics>
         <chordLine>
            <chord num="1sus4">Dsus4</chord>
            <chord num="1sus2">Dsus2</chord>
            <chord num="1m/b7">Dm/C</chord>
            <chord num="1">D</chord>
            <chord num="1sus4">Dsus4</chord>
            <chord num="1sus2">Dsus2</chord>
         </chordLine>
         <lyrics>Do want you want, I won't take the brunt</lyrics>
         <chordLine>
            <chord num="1sus4">Dsus4</chord>
            <chord num="1sus2">Dsus2</chord>
            <chord num="1m/b7">Dm/C</chord>
            <chord num="1">D</chord>
            <chord num="1sus4">Dsus4</chord>
            <chord num="1sus2">Dsus2</chord>
         </chordLine>
         <lyrics>It's fadin' away, can't feel you anymore</lyrics>
         <chordLine>
            <chord num="1sus4">Dsus4</chord>
            <chord num="1sus2">Dsus2</chord>
            <chord num="1m/b7">Dm/C</chord>
         </chordLine>
         <lyrics/>
      </section>
      <section type="Verse 4">
         <chordLine>
            <chord num="1">D</chord>
            <chord num="1sus4">Dsus4</chord>
            <chord num="1sus2">Dsus2</chord>
         </chordLine>
         <lyrics>Don't care what you say 'cause I'm goin' away to stay</lyrics>
         <chordLine>
            <chord num="1sus4">Dsus4</chord>
            <chord num="1sus2">Dsus2</chord>
            <chord num="1m/b7">Dm/C</chord>
            <chord num="1">D</chord>
            <chord num="1sus4">Dsus4</chord>
            <chord num="1sus2">Dsus2</chord>
         </chordLine>
         <lyrics>Gonna make you pay for that great big hole in my heart</lyrics>
         <chordLine>
            <chord num="1sus4">Dsus4</chord>
            <chord num="1sus2">Dsus2</chord>
            <chord num="1m/b7">Dm/C</chord>
            <chord num="1">D</chord>
            <chord num="1sus4">Dsus4</chord>
            <chord num="1sus2">Dsus2</chord>
         </chordLine>
         <lyrics>People talkin' all around Watch out woman,</lyrics>
         <chordLine>
            <chord num="1sus4">Dsus4</chord>
            <chord num="1sus2">Dsus2</chord>
            <chord num="1m/b7">Dm/C</chord>
         </chordLine>
         <lyrics>no longer</lyrics>
         <chordLine>
            <chord num="1">D</chord>
            <chord num="7m7/1">C#m7/D</chord>
         </chordLine>
         <lyrics>Is the joke gonna be on my heart</lyrics>
         <chordLine>
            <chord num="b7/1">C/D</chord>
         </chordLine>
         <lyrics>You been bad to me woman</lyrics>
         <chordLine>
            <chord num="2m/1">Em/D</chord>
         </chordLine>
         <lyrics>But it's coming back home to you</lyrics>
      </section>
      <section type="Chorus">
         <chordLine>
            <chord num="1">D</chord>
            <chord num="1sus4">Dsus4</chord>
            <chord num="1">D</chord>
            <chord num="1sus2">Dsus2</chord>
            <chord num="1">D</chord>
            <chord num="4">G</chord>
         </chordLine>
         <lyrics>Your time is gonna come</lyrics>
         <chordLine>
            <chord num="1">D</chord>
            <chord num="1sus4">Dsus4</chord>
            <chord num="1">D</chord>
            <chord num="1sus2">Dsus2</chord>
            <chord num="1">D</chord>
            <chord num="4">G</chord>
         </chordLine>
         <lyrics>Your time is gonna come</lyrics>
         <chordLine>
            <chord num="1">D</chord>
            <chord num="1sus4">Dsus4</chord>
            <chord num="1">D</chord>
            <chord num="1sus2">Dsus2</chord>
            <chord num="1">D</chord>
            <chord num="4">G</chord>
         </chordLine>
         <lyrics>Your time is gonna come</lyrics>
         <chordLine>
            <chord num="1">D</chord>
            <chord num="1sus4">Dsus4</chord>
            <chord num="1">D</chord>
            <chord num="1sus2">Dsus2</chord>
            <chord num="1">D</chord>
            <chord num="4">G</chord>
         </chordLine>
         <lyrics>Your time is gonna come</lyrics>
         <chordLine>
            <chord num="1">D</chord>
            <chord num="1sus4">Dsus4</chord>
            <chord num="1">D</chord>
            <chord num="1sus2">Dsus2</chord>
            <chord num="1">D</chord>
            <chord num="4">G</chord>
         </chordLine>
         <lyrics>Your time is gonna come</lyrics>
         <chordLine>
            <chord num="1">D</chord>
            <chord num="1sus4">Dsus4</chord>
            <chord num="1">D</chord>
            <chord num="1sus2">Dsus2</chord>
            <chord num="1">D</chord>
            <chord num="4">G</chord>
         </chordLine>
         <lyrics>Your time is gonna come</lyrics>
         <chordLine>
            <chord num="1">D</chord>
            <chord num="1sus4">Dsus4</chord>
            <chord num="1">D</chord>
            <chord num="1sus2">Dsus2</chord>
            <chord num="1">D</chord>
            <chord num="4">G</chord>
         </chordLine>
         <lyrics>Your time is gonna come</lyrics>
         <chordLine>
            <chord num="1">D</chord>
            <chord num="1sus4">Dsus4</chord>
            <chord num="1">D</chord>
            <chord num="1sus2">Dsus2</chord>
            <chord num="1">D</chord>
            <chord num="4">G</chord>
         </chordLine>
         <lyrics>Your time is gonna come</lyrics>
         <chordLine>
            <chord num="1">D</chord>
            <chord num="1sus4">Dsus4</chord>
            <chord num="1">D</chord>
            <chord num="1sus2">Dsus2</chord>
            <chord num="1">D</chord>
            <chord num="4">G</chord>
         </chordLine>
         <lyrics>Your time is gonna come</lyrics>
         <chordLine>
            <chord num="1">D</chord>
            <chord num="1sus4">Dsus4</chord>
            <chord num="1">D</chord>
            <chord num="1sus2">Dsus2</chord>
            <chord num="1">D</chord>
            <chord num="4">G</chord>
         </chordLine>
         <lyrics>Your time is gonna come</lyrics>
      </section>
   </music>
</mei>