<?xml version="1.0" encoding="UTF-8"?>
<mei ixml:state="ambiguous"
     xmlns:ixml="http://invisiblexml.org/NS">
   <music>
      <title>How Many More Times</title>
      <album>Led Zeppelin</album>
      <artist>Led Zeppelin</artist>
      <key>E</key>
      <section type="Intro">
         <chordLine>
            <chord num="1^5">E5</chord>
         </chordLine>
         <lyrics/>
      </section>
      <section type="Verse 1">
         <chordLine>
            <chord num="1^5">E5</chord>
            <chord num="1^5">E5</chord>
         </chordLine>
         <lyrics>How many more times treat me the way you wanna do? How many more times treat me the way you wanna do? When I give you all my love Please, please be true</lyrics>
      </section>
      <section type="Verse 2">
         <chordLine>
            <chord num="b7">D</chord>
            <chord num="4">A</chord>
            <chord num="1^5">E5</chord>
            <chord num="1^5">E5</chord>
         </chordLine>
         <lyrics>I'll give you all I've got to give, rings, pearls, and all I'll give you all I've got to give, rings, pearls, and all I've got to get you together, baby I'm sure, sure you're gonna call</lyrics>
      </section>
      <section type="Interlude 1">
         <chordLine>
            <chord num="1">E</chord>
            <chord num="b7">D</chord>
         </chordLine>
         <lyrics>Oh, when's the last time I done asked you?</lyrics>
         <chordLine>
            <chord num="1">E</chord>
            <chord num="b7">D</chord>
            <chord num="1">E</chord>
            <chord num="b7">D</chord>
            <chord num="1">E</chord>
            <chord num="b7">D</chord>
            <chord num="1">E</chord>
            <chord num="b7">D</chord>
            <chord num="1">E</chord>
            <chord num="b7">D</chord>
            <chord num="1">E</chord>
            <chord num="b7">D</chord>
            <chord num="1">E</chord>
            <chord num="b7">D</chord>
            <chord num="1">E</chord>
            <chord num="b7">D</chord>
            <chord num="1">E</chord>
         </chordLine>
         <lyrics/>
      </section>
      <section type="Interlude 2">
         <chordLine>
            <chord num="1^5">E5</chord>
         </chordLine>
         <lyrics>I was a young man, I couldn't resist Started thinking it over, just what I had missed Got me a girl and I kissed her and then and then Whoops, oh no, yeah, well I did it again</lyrics>
         <chordLine>
            <chord num="b7">D</chord>
         </chordLine>
         <lyrics>Now I' got ten children of my own</lyrics>
         <chordLine>
            <chord num="1">E</chord>
            <chord num="b7">D</chord>
            <chord num="1">E</chord>
         </chordLine>
         <lyrics>I got another child on the way, that makes eleven</lyrics>
         <chordLine>
            <chord num="b7">D</chord>
         </chordLine>
         <lyrics>But I'm in constant heaven</lyrics>
         <chordLine>
            <chord num="1">E</chord>
         </chordLine>
         <lyrics>I know it's all right in my mind</lyrics>
         <chordLine>
            <chord num="b7">D</chord>
            <chord num="1">E</chord>
         </chordLine>
         <lyrics>'Cause I got a little schoolgirl and she's all mine</lyrics>
         <chordLine>
            <chord num="b7">D</chord>
         </chordLine>
         <lyrics>I can't get through to her cause it doesn't permit</lyrics>
         <chordLine>
            <chord num="1">E</chord>
            <chord num="1">E</chord>
         </chordLine>
         <lyrics>But I'm gonna give her everything I've got to give</lyrics>
      </section>
      <section type="Bridge">
         <chordLine>
            <chord num="1">E</chord>
         </chordLine>
         <lyrics>Oh, Rosie, oh, girl Oh, Rosie, oh, girl Steal away now, steal away Steal away baby, steal away Little Robert Anthony wants to come and play Why don't you come to me, baby Steal away, alright, alright</lyrics>
      </section>
      <section type="Verse 3">
         <chordLine>
            <chord num="1^5">E5</chord>
         </chordLine>
         <lyrics>Well they call me the hunter That's my name Call me the hunter That's how I got my fame</lyrics>
         <chordLine>
            <chord num="5">B</chord>
         </chordLine>
         <lyrics>Ain't no need to hide</lyrics>
         <chordLine>
            <chord num="4">A</chord>
         </chordLine>
         <lyrics>Ain't no need to run</lyrics>
         <chordLine>
            <chord num="1^5">E5</chord>
         </chordLine>
         <lyrics>'Cause I've got you in the sights of my gun</lyrics>
      </section>
      <section type="Verse 4">
         <chordLine>
            <chord num="1^5">E5</chord>
            <chord num="1^5">E5</chord>
         </chordLine>
         <lyrics>How many more times, barrel house all night long, alright</lyrics>
         <chordLine>
            <chord num="b7">D</chord>
            <chord num="4">A</chord>
            <chord num="1^5">E5</chord>
         </chordLine>
         <lyrics>How many more times, barrel house all night long?</lyrics>
         <chordLine>
            <chord num="b7">D</chord>
            <chord num="4">A</chord>
            <chord num="1^5">E5</chord>
         </chordLine>
         <lyrics>Well, I've got to get to you, baby So, please come home</lyrics>
         <chordLine>
            <chord num="b7">D</chord>
            <chord num="4">A</chord>
            <chord num="1^5">E5</chord>
         </chordLine>
         <lyrics>Why don't you listen to me, babe?</lyrics>
         <chordLine>
            <chord num="b7">D</chord>
            <chord num="4">A</chord>
            <chord num="1^5">E5</chord>
         </chordLine>
         <lyrics>Why don't you please come home?</lyrics>
         <chordLine>
            <chord num="b7">D</chord>
            <chord num="4">A</chord>
            <chord num="1^5">E5</chord>
         </chordLine>
         <lyrics>Why don't you please come home?</lyrics>
      </section>
      <section type="Outro">
         <chordLine>
            <chord num="b7">D</chord>
            <chord num="4">A</chord>
            <chord num="1^5">E5</chord>
            <chord num="b7">D</chord>
            <chord num="4">A</chord>
            <chord num="1^5">E5</chord>
            <chord num="b7">D</chord>
            <chord num="4">A</chord>
            <chord num="1^5">E5</chord>
         </chordLine>
         <lyrics>Why don't you please come home</lyrics>
      </section>
   </music>
</mei>